{"cameraMode":{"drawMode":0,"name":"Shaded","section":"Shading Mode"},"sceneLighting":false,"audioPlay":false,"sceneViewState":{"showFog":true,"showMaterialUpdate":false,"showSkybox":false,"showFlares":true,"showImageEffects":true,"showParticleSystems":true,"showVisualEffectGraphs":true,"m_FxEnabled":true},"in2DMode":false,"pivot":{"x":-1.7754251956939698,"y":-21.16628646850586,"z":13.669418334960938},"rotation":{"x":-0.33419153094291689,"y":-0.017814774066209794,"z":0.006317563820630312,"w":-0.9423186779022217},"size":39.28997802734375,"orthographic":false}